Prioridade,Eixo,Processo,Atividade,Cod_Task,Tarefa,Depende de,Responsável,Prazo,Status
Alta,1 · Gestão e Participação Social,,,1.1.1,Substituir por uma demanda real deste eixo,,,não definido ainda,Não iniciado
Média,1 · Gestão e Participação Social,,,1.1.2,Exemplo de tarefa que só começa depois da anterior,1.1.1,,não definido ainda,Não iniciado
Alta,2 · Fomento à Cultura,,,2.1.1,Substituir por uma demanda real deste eixo,,,não definido ainda,Não iniciado
Alta,3 · Patrimônio e Memória,,,3.1.1,Substituir por uma demanda real deste eixo,,,não definido ainda,Não iniciado
Alta,4 · Formação,,,4.1.1,Substituir por uma demanda real deste eixo,,,não definido ainda,Não iniciado
Alta,"5 · Infraestrutura, Equipamentos e Espaços Culturais",,,5.1.1,Substituir por uma demanda real deste eixo,,,não definido ainda,Não iniciado
Alta,"6 · Economia Criativa, Economia Solidária, Trabalho, Emprego, Renda e Proteção Social",,,6.1.1,Substituir por uma demanda real deste eixo,,,não definido ainda,Não iniciado
Alta,"7 · Cultura, Bem Viver e Ação Climática",,,7.1.1,Substituir por uma demanda real deste eixo,,,não definido ainda,Não iniciado
Alta,8 · Cultura Digital e Direitos Digitais,,,8.1.1,Substituir por uma demanda real deste eixo,,,não definido ainda,Não iniciado
